Workbook

Sheet Generator
A1: Ecoy Photography — Filename Generator
A2: Pick from each drop-down, then copy the green filename. Names match the live Shopify store.
A4: 1. Product | B4: Cooling Bamboo Quilt Cover Set
A5: 2. Pattern | B5: Solid
A6: 3. Colour | B6: Burgundy
A7: 4. Camera angle | B7: Low45
A8: 5. Orientation | B8: Square
A9: 6. People in shot? | B9: NoTalent
A10: 7. Real photo or AI? | B10: Real
A11: 8. Sequence number | B11: 1
A12: 9. File type | B12: .jpg
A14: ➜ FILENAME (copy this): | B14: =TEXTJOIN("-",TRUE(),IFERROR(VLOOKUP(B4,Lists!$A:$B,2,0),""),IFERROR(VLOOKUP(B5,Lists!$O:$P,2,0),""),IFERROR(VLOOKUP(B6,Lists!$D:$E,2,0),""),B7,B8,B9,B10,IF(B11="","",TEXT(B11,"00")))&B12 -> BambooQuiltCover-Solid-Burgundy-Low45-Square-NoTalent-Real-01.jpg
A16: Tips
A17: • Pattern: 'Solid' = plain colour. 'Stripe' = Ambi reversible stripe. Quilts/pillows: pick '(none / NA)'.
A18: • 'Solo' = product only. 'Talent' = a person is in the shot.
A19: • Orientation: 'Vertical' = portrait crop. 'Horizontal' = landscape crop.
A20: • 'Real' = camera photo. 'AI' = AI-generated image.
A21: • Combo / 2-colour shot: file in the 'Colour A x Colour B' folder, pick the dominant colour here.
A22: • Quilts / pillows / mattress protector: choose '(no colour / NA)' for colour.
A23: • Renaming a whole folder? Use the 'Batch' tab.
A24: 3+ colourways in one shot (e.g. all four totes): pick 'All Colours'. Two products in one shot (e.g. tote + polka packs): the hero product is the Product, and the colour is 'HeroColourxOtherColour' (e.g. MatchaForestxCaramelPolka), filed in a 'Colour A x Colour B' folder.

Sheet Batch
A1: Batch rename — one row per image
A2: Fill a row per photo, then copy column I into Drive as the new filename.
A4: Product | B4: Pattern | C4: Colour | D4: Angle | E4: Orientation | F4: People | G4: Source | H4: Seq # | I4: Type | J4: ➜ FILENAME (copy)
A5: Cooling Bamboo Quilt Cover Set | B5: Stripe | C5: Matcha Forest Stripe | D5: Freestyle | E5: Vertical | F5: Talent | G5: Real | H5: 1 | I5: .jpg | J5: =TEXTJOIN("-",TRUE(),IFERROR(VLOOKUP(A5,Lists!$A:$B,2,0),""),IFERROR(VLOOKUP(B5,Lists!$O:$P,2,0),""),IFERROR(VLOOKUP(C5,Lists!$D:$E,2,0),""),D5,E5,F5,G5,IF(H5="","",TEXT(H5,"00")))&I5 -> BambooQuiltCover-Stripe-MatchaForestStripe-Freestyle-Vertical-Talent-Real-01.jpg
A6: Cooling Bamboo Quilt Cover Set | J6: =TEXTJOIN("-",TRUE(),IFERROR(VLOOKUP(A6,Lists!$A:$B,2,0),""),IFERROR(VLOOKUP(B6,Lists!$O:$P,2,0),""),IFERROR(VLOOKUP(C6,Lists!$D:$E,2,0),""),D6,E6,F6,G6,IF(H6="","",TEXT(H6,"00")))&I6 -> BambooQuiltCover
J7: =TEXTJOIN("-",TRUE(),IFERROR(VLOOKUP(A7,Lists!$A:$B,2,0),""),IFERROR(VLOOKUP(B7,Lists!$O:$P,2,0),""),IFERROR(VLOOKUP(C7,Lists!$D:$E,2,0),""),D7,E7,F7,G7,IF(H7="","",TEXT(H7,"00")))&I7
J8: =TEXTJOIN("-",TRUE(),IFERROR(VLOOKUP(A8,Lists!$A:$B,2,0),""),IFERROR(VLOOKUP(B8,Lists!$O:$P,2,0),""),IFERROR(VLOOKUP(C8,Lists!$D:$E,2,0),""),D8,E8,F8,G8,IF(H8="","",TEXT(H8,"00")))&I8
J9: =TEXTJOIN("-",TRUE(),IFERROR(VLOOKUP(A9,Lists!$A:$B,2,0),""),IFERROR(VLOOKUP(B9,Lists!$O:$P,2,0),""),IFERROR(VLOOKUP(C9,Lists!$D:$E,2,0),""),D9,E9,F9,G9,IF(H9="","",TEXT(H9,"00")))&I9
J10: =TEXTJOIN("-",TRUE(),IFERROR(VLOOKUP(A10,Lists!$A:$B,2,0),""),IFERROR(VLOOKUP(B10,Lists!$O:$P,2,0),""),IFERROR(VLOOKUP(C10,Lists!$D:$E,2,0),""),D10,E10,F10,G10,IF(H10="","",TEXT(H10,"00")))&I10
J11: =TEXTJOIN("-",TRUE(),IFERROR(VLOOKUP(A11,Lists!$A:$B,2,0),""),IFERROR(VLOOKUP(B11,Lists!$O:$P,2,0),""),IFERROR(VLOOKUP(C11,Lists!$D:$E,2,0),""),D11,E11,F11,G11,IF(H11="","",TEXT(H11,"00")))&I11
J12: =TEXTJOIN("-",TRUE(),IFERROR(VLOOKUP(A12,Lists!$A:$B,2,0),""),IFERROR(VLOOKUP(B12,Lists!$O:$P,2,0),""),IFERROR(VLOOKUP(C12,Lists!$D:$E,2,0),""),D12,E12,F12,G12,IF(H12="","",TEXT(H12,"00")))&I12
J13: =TEXTJOIN("-",TRUE(),IFERROR(VLOOKUP(A13,Lists!$A:$B,2,0),""),IFERROR(VLOOKUP(B13,Lists!$O:$P,2,0),""),IFERROR(VLOOKUP(C13,Lists!$D:$E,2,0),""),D13,E13,F13,G13,IF(H13="","",TEXT(H13,"00")))&I13
J14: =TEXTJOIN("-",TRUE(),IFERROR(VLOOKUP(A14,Lists!$A:$B,2,0),""),IFERROR(VLOOKUP(B14,Lists!$O:$P,2,0),""),IFERROR(VLOOKUP(C14,Lists!$D:$E,2,0),""),D14,E14,F14,G14,IF(H14="","",TEXT(H14,"00")))&I14
J15: =TEXTJOIN("-",TRUE(),IFERROR(VLOOKUP(A15,Lists!$A:$B,2,0),""),IFERROR(VLOOKUP(B15,Lists!$O:$P,2,0),""),IFERROR(VLOOKUP(C15,Lists!$D:$E,2,0),""),D15,E15,F15,G15,IF(H15="","",TEXT(H15,"00")))&I15
J16: =TEXTJOIN("-",TRUE(),IFERROR(VLOOKUP(A16,Lists!$A:$B,2,0),""),IFERROR(VLOOKUP(B16,Lists!$O:$P,2,0),""),IFERROR(VLOOKUP(C16,Lists!$D:$E,2,0),""),D16,E16,F16,G16,IF(H16="","",TEXT(H16,"00")))&I16
J17: =TEXTJOIN("-",TRUE(),IFERROR(VLOOKUP(A17,Lists!$A:$B,2,0),""),IFERROR(VLOOKUP(B17,Lists!$O:$P,2,0),""),IFERROR(VLOOKUP(C17,Lists!$D:$E,2,0),""),D17,E17,F17,G17,IF(H17="","",TEXT(H17,"00")))&I17
J18: =TEXTJOIN("-",TRUE(),IFERROR(VLOOKUP(A18,Lists!$A:$B,2,0),""),IFERROR(VLOOKUP(B18,Lists!$O:$P,2,0),""),IFERROR(VLOOKUP(C18,Lists!$D:$E,2,0),""),D18,E18,F18,G18,IF(H18="","",TEXT(H18,"00")))&I18
... J204: =TEXTJOIN("-",TRUE(),IFERROR(VLOOKUP(A204,Lists!$A:$B,2,0),""),IFERROR(VLOOKUP(B204,Lists!$O:$P,2,0),""),IFERROR(VLOOKUP(C204,Lists!$D:$E,2,0),""),D204,E204,F204,G204,IF(H204="","",TEXT(H204,"00")))&I204

Sheet Lists
A1: Product (display) | B1: Product token | D1: Colour (display) | E1: Colour token | G1: Camera angle | I1: People | K1: Source | M1: Extension | O1: Pattern | P1: Pattern token | Q1: Orientation
A2: Cooling Bamboo Sheet Set | B2: BambooSheetSet | D2: (no colour / NA) | G2: High45 | I2: NoTalent | K2: Real | M2: .jpg | O2: (none / NA) | Q2: Vertical
A3: Cooling Bamboo Fitted Sheet | B3: BambooFittedSheet | D3: Black | E3: Black | G3: Low45 | I3: Talent | K3: AI | M3: .png | O3: Solid | P3: Solid | Q3: Horizontal
A4: Cooling Bamboo Flat Sheet | B4: BambooFlatSheet | D4: Burnt Orange | E4: BurntOrange | G4: Overhead | O4: Stripe | P4: Stripe | Q4: Square
A5: Cooling Bamboo Quilt Cover Set | B5: BambooQuiltCover | D5: Butter | E5: Butter | G5: Freestyle | O5: Polka | P5: Polka
A6: Cooling Bamboo Pillowcase Set | B6: BambooPillowcase | D6: Byron | E6: Byron | G6: CloseUp
A7: Bamboo European Pillowcase Set | B7: BambooEuroPillowcase | D7: Canyon | E7: Canyon | G7: Deepetch
A8: Cooling Bamboo Reversible Quilt Cover (Ambi) | B8: AmbiQuiltCover | D8: Caramel | E8: Caramel | G8: Side
A9: Corduroy Quilt Cover Set | B9: CordQuiltCover | D9: Charcoal | E9: Charcoal
A10: Flannelette Sheet Set | B10: FlannelSheetSet | D10: Chocolate | E10: Chocolate
A11: Flannelette Quilt Cover Set | B11: FlannelQuiltCover | D11: Dune | E11: Dune
A12: Flannelette Fitted Sheet | B12: FlannelFittedSheet | D12: Dusk | E12: Dusk
A13: Flannelette Pillowcase Set | B13: FlannelPillowcase | D13: Eggplant | E13: Eggplant
A14: Cooling Sleep Mask | B14: SleepMask | D14: Eucalyptus Green | E14: EucalyptusGreen
A15: Cloud Quilt | B15: CloudQuilt | D15: Forest Green | E15: ForestGreen
A16: All Seasons 3-in-1 Bamboo Quilt | B16: AllSeasonsQuilt | D16: Grey Gum | E16: GreyGum
A17: Lightweight Summer Quilt | B17: SummerQuilt | D17: Honeycomb | E17: Honeycomb
A18: Midweight Mid-season Quilt | B18: MidseasonQuilt | D18: Iceberg | E18: Iceberg
A19: Flip Quilt Cover Set | B19: FlipQuiltCover | D19: Jacaranda | E19: Jacaranda
A20: Flip Cooling Pillow | B20: FlipPillow | D20: Lagoon | E20: Lagoon
... A24: Tote Bag | B24: ToteBag | D24: Moss | E24: Moss
D25: Mulberry | E25: Mulberry
D26: Oatmeal | E26: Oatmeal
D27: Ocean | E27: Ocean
D28: Paprika | E28: Paprika
D29: Reef Teal | E29: ReefTeal
D30: Rockmelon | E30: Rockmelon
D31: Sage | E31: Sage
D32: Storm Blue | E32: StormBlue
D33: Taupe | E33: Taupe
D34: White | E34: White
D35: Wildberry | E35: Wildberry
D36: Matcha Forest Stripe | E36: MatchaForestStripe
... D57: All Colours | E57: AllColours

Sheet How to use
A1: How to use this sheet
A3: WHAT THIS IS
A4: A filename generator for the Ecoy photography library. Every image is named the same way:
A5: Product-Pattern-Colour-Angle-Orientation-Talent/NoTalent-Real/AI-NN
A6: e.g. BambooSheetSet-Solid-ForestGreen-High45-Horizontal-NoTalent-Real-01.jpg
A8: QUICK START (one file at a time)
A9: 1. Go to the 'Generator' tab.
A10: 2. Pick each yellow drop-down.
A11: 3. Copy the green FILENAME cell and rename the file in Google Drive.
A13: DOING A WHOLE FOLDER
A14: 1. Go to the 'Batch' tab. 2. One row per photo. 3. Copy column I down and rename each file.
A16: RULES OF THUMB
... A19: • Don't rename files inside the old year folders (2021-2026) — leave those alone.
